SizeSqft,Bedrooms,AgeYears,DistanceToCenter,Price
1748.3570765056163,4,42,18.35741445591046,274895.3893135005
1430.8678494144076,1,18,9.462204340705458,234196.14518995167
1823.8442690503462,3,4,6.524781699251303,379989.7173728436
2261.514928204013,5,10,9.79415261543725,412233.88439841114
1382.923312638332,3,11,12.685454165305718,286110.9355746499
1382.9315215254096,3,9,10.25813188355604,264202.07983371103
2289.6064077536957,1,7,8.971362045860134,400667.0784608179
1883.7173645764544,1,23,6.749916656647734,330344.15009064577
1265.262807032524,1,27,6.689345772662005,215971.77081132907
1771.2800217929823,2,40,7.010958067573203,298276.7239581765
1268.291153593769,4,35,11.694073004053685,245728.27308823192
1267.1351232148716,2,36,5.029099537991064,207100.40140414928
1620.981135783017,4,20,11.96634611735111,363176.336259425
543.359877671101,4,7,17.06497377813415,153072.60555097432
637.5410837434836,3,8,11.628536789065999,205730.01160732
1218.8562353795137,3,46,8.152072355414315,213334.2898000949
993.5844398327881,4,14,3.509365574726848,268522.7426322191
1657.1236662976369,4,47,17.890534039557572,273031.33867245767
1045.9879622393946,2,45,4.149911747005438,204066.27117993863
793.8481493323543,2,39,14.24281017237874,135079.85491203322
2232.824384460777,3,17,13.192589302972427,395288.15584965824
1387.1118497567322,1,41,8.816156985179703,231634.92688883943
1533.764102343962,4,19,8.68510598109661,314311.57608781906
787.6259068932716,2,5,0.8214436297948975,172938.02886549899
1227.8086377374086,3,11,11.650325004063108,275096.7569206741
1555.461294854933,2,1,13.099631661979025,273201.91910463537
924.5032112888485,4,6,4.5545994192609776,263896.62854276353
1687.849009172836,4,15,9.220892628354486,369195.4970258764
1199.6806550405975,5,2,10.189309575044751,300063.60137895576
1354.1531251033616,1,44,12.92286313974784,226924.29936784424
1199.1466938853016,5,2,10.019015380615937,317469.64747878903
2426.139092254469,3,26,1.8684032301920794,430266.82897489064
1493.2513876310331,2,49,7.350311152687554,278315.66588460136
971.1445355220499,3,42,11.123128926945098,168591.98603962947
1911.2724560515944,4,39,14.207641710198796,341741.57638927025
889.5781750144889,5,37,6.911816953028766,228486.79627372918
1604.4317975023778,5,32,20.938249372750096,328892.7449002216
520.1649380601123,5,27,0.5276346558151772,222278.1373450092
835.9069755507848,3,0,7.181499124710495,242078.87922125097
1598.4306179345617,4,7,9.584831982536134,348069.8951165981
1869.2332899977052,2,36,8.99625418223568,310787.1030459131
1585.6841405949854,2,31,3.8392883509258366,252654.35955484354
1442.1758588058797,3,47,12.239308738758968,228564.8442542597
1349.4481522053557,5,42,11.85547025656961,322039.39210349286
760.7390048162863,1,36,10.239807229907733,90909.79651257672
1140.0778958026458,3,3,11.659219316292578,239003.43287296954
1269.6806145201062,3,29,7.881117942759846,278581.98193349806
2028.561113109458,4,5,1.913185249457161,429652.06245145167
1671.8091447842307,2,45,6.416800649738777,301498.6718382709
618.479922318633,3,18,10.785272907047206,174058.00955911409
1662.0419846973975,3,31,10.813722074231979,336070.5043033634
1307.4588597918419,5,8,10.206895262929239,323613.5841742155
1161.5389998470207,5,11,12.743541339925159,301012.72188023303
1805.838144420434,1,10,7.094269772749918,302202.25147639844
2015.4997612479756,4,45,10.13340528555268,378784.81312765373
1965.6400595580992,1,15,12.860463892024608,316202.5591898811
1080.3912383886807,5,0,9.575550907488234,283845.4665837114
1345.3938120743928,2,44,3.783380357969506,258136.78138816264
1665.631715701782,5,20,5.192558151722312,387492.10857300996
1987.7725635611796,4,29,14.154261621396834,404626.2044063059
1260.412881077355,5,12,16.962360814712863,325602.47424190154
1407.1705116680914,4,33,15.876415539120245,294669.04889914877
946.8325129969859,4,3,11.160779748710175,212294.4052473933
901.8966879596646,4,27,3.984336989916536,266869.4488731105
1906.2629111970991,4,37,9.968242216135657,377362.3056606208
2178.1200142854113,4,30,17.81127565975211,375778.24902158143
1463.994939209833,2,26,13.092441902282378,271992.5401881658
2001.7664489460121,1,4,8.962612386580638,327594.42774948594
1680.818012523817,3,24,13.143126164206082,324209.05195235525
1177.4401226974378,1,2,3.6530239669219764,210984.56964928974
1680.697802754207,4,32,6.52164311075899,320897.01601588033
2269.0182832329847,2,3,4.579043044888376,432393.2389791815
1482.0869804450242,5,24,12.347859091742164,345075.06374312716
2282.3218279070034,2,19,13.570517498600463,392715.9763775258
190.12744795512776,4,33,9.230869864008167,101334.00473149342
1910.951252187612,2,25,5.63535161630217,298074.6586951976
1543.5235341190855,2,4,9.901254532326863,293545.59906018194
1350.4963247670662,4,34,7.567100546630963,294109.94915828854
1545.8803882677512,2,27,6.019146476531277,276508.4631683872
506.21554269955357,3,28,11.694968426546232,134090.83572995223
1390.164056081244,3,8,6.210038887406632,294392.1812790149
1678.5562857558732,2,37,2.168251335179537,294012.8158365932
2238.947022370758,5,49,3.2794276481840656,431800.74585844186
1240.8648908631762,4,5,1.9836976659202517,301708.4466545867
1095.7531985534063,3,18,11.237559582881023,262753.6516898877
1249.1214782077318,5,43,10.75202719088082,228735.7903817235
1957.701058851037,2,10,10.50260047254081,341733.1061631524
1664.3755548298423,5,1,12.938658262399713,355373.89222933236
1235.1198981164807,1,46,15.959794280585584,181730.60815698912
1756.633716556678,3,43,7.0386673458744236,317960.6185094154
1548.5387746740203,2,43,12.032387386192092,287659.90345970745
1984.3224952664445,4,8,2.1019224629706157,454467.37032998126
1148.9734530613239,2,20,16.893548731316752,193097.25138515542
1336.1689267011159,4,23,3.7758438089092152,299883.65268802154
1303.9459234339213,2,33,6.449594404797812,243618.78804397967
768.2425259339407,5,21,7.011452431334538,214257.1990606753
1648.060138532288,5,2,2.368645016388939,403039.3714678178
1630.5276360899447,5,11,10.162877887042809,358463.24226410716
1502.5567283212304,1,27,11.069519341007409,224891.7735541502
1382.7064333124265,4,29,9.05293164509225,284708.7356213486
792.3146289747929,5,25,2.298761839844616,219296.17921171675
1289.6773386173204,1,47,19.916931174258558,197350.6750324661
1328.6427417366153,4,20,12.74615398250824,321835.28839774925
1098.8613653891905,2,27,23.171110218249794,186383.37184976976
1419.3571441669953,1,25,5.974453800568538,248180.19938497778
1702.0254284072691,3,32,14.789411140884884,306773.6873168043
2443.0929506052653,1,20,13.896369436970817,412315.88429561444
1587.2889064159194,1,34,8.547124484513189,280213.0670653052
1628.7751953613822,4,33,17.05525450529612,304892.6989226504
1462.7770421169164,2,40,7.972949961931107,258522.45494125705
540.6143923504793,3,46,8.195542902876964,141754.00119035956
1530.1151049705131,5,10,12.045140268713187,369679.1499565597
2731.621056242643,1,22,3.3724504415879677,485694.89537776506
1403.8195176094387,4,47,7.246394021522444,302380.78169516
1650.7736711668063,4,21,4.868901806274862,321966.3688301801
1482.6441151473784,5,16,8.168842303408692,300658.9235569119
915.660981190234,3,4,12.219401151087178,233084.71834671937
2071.4114072575103,2,43,10.055707815243787,322396.50647889724
1875.966516343387,3,10,13.548206452529035,360041.2316289097
1895.5159735215234,2,29,16.328147677928158,343374.0750725232
1045.3062726026305,5,14,8.156020316610823,263344.79672920477
2201.3971554680497,2,26,7.607163789919431,371444.1526121894
799.0744686038596,4,34,14.788638268310049,191818.35320572517
1793.4285469001352,1,32,15.185236443699647,250693.61634797638
2595.227812904989,1,19,13.702954340515234,397721.1393346004
1004.7318374346557,5,15,5.239105966303253,275728.7137576172
1216.851135198614,4,33,12.113275327508019,249292.02224842104
1549.8256825438207,3,1,10.547353020236445,332547.3014170847
1248.2621729419004,4,34,15.262644706748317,308033.62881657376
724.6682844669336,1,39,7.135639552311257,127411.73035378003
1534.2814874030137,1,27,1.6669485442504204,252974.08710119102
968.8481431369476,4,46,13.451184001901362,230789.6605618907
1040.2878828830985,1,5,6.34243298051835,180580.15305084595
2274.96720250877,3,8,4.8840224434085275,421574.96671654395
1108.3733538318816,5,19,4.850326645471266,281897.61537344713
1338.9692418971622,5,0,6.254842645224522,325954.2462637811
1906.7586086848348,4,7,16.08686784875815,376209.80911674845
884.5678417830223,5,22,14.102777095031865,237974.4601323165
1613.7299673020648,1,2,8.741346590037475,313955.99262073747
2153.571377141214,1,3,15.668117359295247,360523.2373294672
696.2583827193862,4,24,4.68851422416813,189822.80400566963
1592.316929266152,4,46,4.0085830712642085,335123.2809761826
1629.9413971242118,4,37,14.317983296232953,292500.93346156325
1890.9114358886552,3,14,12.898216146613235,321188.2281763253
881.524644560959,5,20,7.698682992083384,270950.4510580679
839.7716934578618,4,34,4.322695531509347,236157.42785188
1760.9707828084488,2,45,17.2986593751897,258702.33082680582
1648.492336616593,2,13,1.399487245260909,313492.8989255486
1625.2464251729382,1,35,7.007870323282198,246432.6722227777
1673.224104748488,5,11,11.142882637589487,374230.33478839684
1159.9876392107547,4,16,19.01082404215723,284617.48362466035
1616.1268485805017,2,38,11.915501060366102,284645.66113824554
1646.5362366493407,5,8,12.401523265066494,384891.88181892876
1142.824290986816,1,34,7.153081499259364,209512.04728332392
2432.8872555723783,3,12,12.842401126372991,437245.90311192884
1736.9164604558937,5,14,10.526546604395435,397151.1846178195
904.3482513986756,5,17,2.0576772979122095,279437.49437223293
1828.2768043169149,3,32,13.964674267465536,353101.0864156689
1012.6591648863393,5,5,14.851966949234257,258003.96201124732
1893.542301871226,1,26,14.016825244105814,265235.46200156456
2079.297789503702,1,22,10.16663962832901,360466.4094663588
1089.6588408241448,3,26,5.219115584251764,244005.98536723937
1706.3904634682492,2,45,10.785268027007254,274584.97722007305
1911.0300799972451,4,37,15.409710298704246,399928.8179202206
2448.396491326974,5,13,14.977662345415403,461460.2559575299
1377.3059419985648,2,35,14.08036421696924,216369.09672931957
1123.1319178212552,3,7,9.628945107253045,253917.5821285492
1055.2427851872383,3,34,15.437320870157485,227021.59359722998
1092.0948575172808,2,18,14.620809119279514,252140.65011961764
1461.4491452929478,1,29,7.886832196392209,257591.00666894918
1670.575987408322,2,13,13.382990083079235,275412.2430655012
1638.3453996650096,5,19,7.320204272953541,401528.6868182004
1913.591624518012,1,48,12.70012115808461,283249.12737999065
1506.5009459389535,3,24,3.5044167784946643,288212.1196959543
2226.7670385786587,2,39,3.888940956635393,355649.3247315409
1367.671583381022,4,23,15.291035234719537,298295.24142442335
2860.0845832948094,4,13,14.687800611023825,521413.673995902
1812.833673882503,5,25,13.168057702879157,377490.44321553415
1071.4212217918587,4,37,10.439844105264152,258563.55743968915
1741.2362076215927,2,21,9.625620308967552,338257.28309077676
1388.2686073370746,4,47,12.27091583594919,256315.312972789
1857.000247046046,2,18,7.326333762202042,379177.51701074996
1736.6188122867725,5,45,6.437529035958812,364592.54409096105
1463.5855436715635,1,2,17.222101940768457,234688.85707367008
1076.6031409657976,5,41,9.69855504304194,210584.99939237616
742.5763876570677,5,18,12.273975848211903,235017.00089771656
1276.7425239664894,2,8,13.870657308096826,238286.4584589761
1928.1993971617362,1,27,4.992814617474611,319132.96644887445
1607.046872065102,2,19,10.96603711357097,305448.87676610553
877.130610644006,3,44,16.598222472386496,184581.42317684102
1586.590462925591,2,6,19.096115916498604,308270.5444192272
1692.6586898644184,2,13,10.199681986073452,287002.61333985714
1058.0712818994334,2,8,8.810282263264627,251608.02275087754
1576.862552972764,1,18,11.345120340687666,254258.23554117634
1529.1043592229998,2,46,11.218185235137605,205804.28471821023
928.5148510846884,1,13,16.933790330655768,138840.8400641908
1678.8936801741415,4,37,5.018041554164664,339158.4707604432
1780.3922631841172,3,35,8.600634569169891,305281.285417655
2041.5256215876384,1,39,4.414293365617448,326639.36712338997
2026.9010260174514,4,16,4.939525571012115,414921.152511177
811.1653160214545,1,29,11.882870075695621,135281.3491896412
1031.0874800424385,1,8,14.049289208185133,178677.45683286118
1757.5176336043298,3,32,6.753041531281275,303107.64071832236
1756.8929754561045,5,24,13.860473944876448,362251.8745929694
1757.523843153024,5,13,15.55789328565984,328213.6421499392
3426.365745327361,1,10,19.673529992166948,520887.84098038176
1785.4452553465835,2,34,10.348734244205245,284563.63763236185
2067.7828200902995,4,40,6.801177362779335,381777.531257808
1977.0008817466012,2,13,4.987640341970526,359308.25559186377
1825.695625652899,2,29,4.491034010400532,345071.4093158087
1342.3653776798271,1,40,16.248903507018035,230526.54518293001
1879.4846102466338,1,3,2.424523285221748,321718.06816181215
1113.587392731214,1,3,16.088742428256,241717.2765585707
1381.5906966299956,1,27,5.657794853739256,223337.1027965922
1257.3182260854483,5,7,6.573969010702971,321900.33154987305
1540.9370696931612,1,1,9.242222724950102,291873.3747870403
2657.329283336754,5,40,6.481727252167444,544527.5930478283
566.367403704126,5,45,14.659898774797876,149789.66625076983
1843.1300951872568,1,21,19.066719759913877,251401.31449869968
693.6420644051742,3,40,6.712839212234311,190428.22064016713
1264.0340671052832,4,15,7.838810804176866,272260.01728153
2044.475298483683,2,28,9.183395963580509,343072.7312338795
1532.1400095477313,5,48,12.705283817463188,284055.44071870984
961.127611035347,4,47,9.232578605220718,201529.90898388223
1142.348145370016,3,29,16.93628705526298,201671.81697086766
1839.798874467338,2,11,15.733119582809637,337032.4283343769
1134.8166841414318,2,34,4.0726882320244995,219692.95875160536
1608.2292947909875,5,10,12.604840827874144,342403.6093506062
1522.7859199519069,1,45,17.601696186547514,238131.93515286953
1174.1998261970914,3,49,7.526095271165583,227177.71840072452
2571.972044662663,5,20,8.528675641032217,461817.4904084538
1816.9595111590056,3,20,7.359815010735224,366218.36293406645
487.42870667119644,1,4,7.464621922382472,127882.41983296722
1593.2271573847138,1,47,1.65774224044476,286483.2388786484
1169.106767615806,5,19,3.3584252426747465,302127.5131838743
1926.216667398112,1,36,10.38736859368615,286323.5759109926
1103.7396307836498,4,2,17.56798987326389,254339.0582049829
1442.6317792665504,2,43,6.933195937408586,265606.7616327798
1752.4936394902286,5,32,6.78621348525721,351886.8777590027
1932.8775970850606,3,8,18.507605352103674,346110.49311640055
899.8517964721119,4,8,4.458712690920066,243626.57248899536
1332.7493820795257,5,3,1.6937841864678909,320537.40673467563
1262.5273444195218,1,34,5.857422819312501,198537.78753173177
1173.335383713144,1,16,6.686077606028169,220079.15618099907
2382.7271201405483,1,33,1.2627345765246734,415933.1538210931
1702.4908554804779,1,23,9.359791468626943,289996.9850790273
869.5580228324774,3,31,14.742231749307678,179032.01473887582
1958.930973527388,4,0,3.570226131425869,400073.7782872102
2561.0780985063166,2,7,10.437891094767945,468189.1408208162
2016.2326302755735,3,44,11.979678378133865,353145.6477840051
740.3150170229933,3,22,9.583078623628534,165746.50003580714
1257.8829635668744,2,46,10.928462948705297,228798.48781131857
2133.455574593311,2,39,10.986636312976055,360236.60479325394
1146.1652671906097,1,11,5.93636021540784,202781.46266045107
1721.9097140731142,3,11,17.49291286005934,320273.0662655644
1887.3170267146684,5,45,16.238784170381077,345764.5311015793
1036.5347642109587,2,46,15.949556986205838,220251.8594598642
1470.2373219690999,2,14,15.068378702719318,277033.73855243955
987.8061793328551,5,18,14.630311889059831,260363.56424334287
1373.7159243034198,5,25,13.27800713774754,332084.6261339679
876.1084090175752,2,28,2.317381925281083,187113.89461330482
2316.2056519658177,1,21,8.925448224249608,366781.7653890583
784.9293110196836,4,39,11.383967246626442,202857.126721648
1279.9777566515081,5,20,18.321585490623175,281854.6011964536
1565.3702886430456,2,37,13.623619289471293,239160.39813590416
2220.6366445330577,5,19,5.677171363608492,427447.42531762045
782.0689244102803,4,28,18.476942292259814,212942.38509381306
2081.58187607748,4,3,10.218898813569446,421432.3751228688
1505.1165305097936,3,6,8.720794315484541,300534.54326565197
1009.2456744760245,2,27,8.364409017055939,192971.33491645055
1731.0517371316355,4,27,1.8822238098843336,375042.2073101437
1599.529847786735,3,3,9.451152480919289,322159.0618893308
1199.8915614206026,3,21,12.48742628652829,215020.48705648544
1534.9010424950095,5,11,8.073083362373922,359605.80669246207
1307.3432015691199,5,44,12.102262386237792,302063.9118143637
1556.758672625624,3,2,5.678044645429096,352986.99796243047
1831.0653372605234,5,21,9.2953604286119,373882.4809691098
2293.008408072676,4,43,11.58270163304316,433169.31107398274
881.0922505865755,1,1,10.948304385317105,183526.22829078455
2566.5166873281332,4,23,1.9726745514047686,512855.100873985
523.9561002387491,3,33,7.804970245643857,151457.21514457572
1424.1074524822084,3,26,18.38731465156303,230409.55171655182
1794.1586032422883,4,40,7.5377696283474105,378983.02997981536
1640.4959338675162,5,0,10.079037720559198,376951.9916629881
1188.6502400897032,5,7,9.566221247255278,313700.96999722125
1395.9388748213623,3,22,17.841198794598256,234827.54106457098
1253.4995326705837,2,37,16.451840610973353,218227.77868020214
1205.3176215278943,5,5,14.037654999094048,319780.8878858492
1924.8010485105124,4,21,5.133788433137331,426158.9871422703
1678.5077429825237,5,24,11.7959152459604,382192.3268513634
1153.545202369673,4,17,12.839708715375659,271436.8570036204
1949.7999377166254,3,16,6.5069758220197285,342568.49194648664
1653.6497604383046,5,11,5.6474144707615554,378398.09093417105
1906.43105941948,4,5,18.52507073603515,362064.3261365931
1814.814420961806,3,25,8.495983438915356,344929.7537627651
1085.502494538964,2,26,18.074884094555742,166349.08933583112
1219.9094799015152,4,7,14.985468777472668,271812.1462744439
1873.646802561631,2,18,12.039383911876607,318624.59088437003
1805.1851327167324,2,41,12.262657181797422,284289.12842453003
1489.549203017926,1,0,2.9979021983461616,276671.8523361735
1558.663691654391,5,28,11.033873899172082,331014.71162204957
2138.8324478942122,4,44,17.08510206490813,378378.55823527597
1204.214305582085,2,48,13.406697515928045,145848.87904802762
1773.548690585019,1,34,10.771683435322052,232960.2795903515
1398.903673783053,3,39,18.55968597908515,236942.35231085014
1391.15939838639,4,13,9.07479638669598,303568.9360904542
2049.388425993595,2,34,6.9022216248915775,353386.04498133494
1912.7081744940149,5,47,10.769159580391285,353814.4599161952
1906.7548180003193,1,44,13.83233684055798,284537.85289938556
2152.7394035771645,2,19,1.4110295209586958,393619.3155950184
1510.5019208163794,5,48,11.424343217452087,291035.4397502433
1840.976485647482,2,12,14.05172507768155,346312.1391265812
1344.866621703272,4,37,8.651791873515695,280966.1357375606
1662.083176244221,4,48,15.534823831513208,311182.05068287253
1434.9284728161576,4,45,13.20593331205535,275204.31892398995
1548.497982496359,1,48,20.706915592555386,254934.3282505775
1797.5785127184568,4,7,6.246985512093924,392070.7472659337
1090.8896583832638,5,42,14.153549252480447,233566.48392838417
2546.19363784273,2,19,4.913380461012976,459521.6224417516
996.991309250149,3,32,1.9231677436163697,190950.26255115616
2079.055436750034,5,38,12.691620111984633,404858.2810903757
1895.831346981468,4,20,10.921239569720512,375152.6381493531
1812.0599085260776,1,48,7.604744713191231,271923.91943575145
1814.17275463214,2,41,1.132478330251935,298615.4893975768
1493.8766135765427,1,42,6.548066869306619,223198.4180568489
1051.3728142570842,2,40,10.020465038377282,189706.49038675573
1537.9022790968631,2,8,13.96584683396549,262483.26354803867
1161.4191442439442,1,23,9.917321248761871,236781.58145201334
1987.5598667088757,5,36,11.260301713526388,336795.42299240443
1426.4713092489308,2,48,8.11933809512932,233263.26284618888
1087.2514016037442,1,40,18.746121012635772,157803.260997444
1339.3070791735033,2,16,4.908751778358861,275226.9768759736
1706.465727137812,3,23,6.503808913574361,311643.7466982746
1218.1377235980126,5,20,7.538209630032435,320330.13515740127
1088.8898022167843,4,38,12.71352198988362,202029.80547649192
1621.8436057459562,2,40,4.805701051065597,272342.5669876109
1622.4832855543614,3,38,10.678592952739994,306430.2580332627
1246.5284123144352,4,12,10.824550717132787,304133.9317087548
1264.4808471908386,4,10,6.5282101463331,268535.68085833767
1616.0249686788181,2,45,11.649897304784284,317004.68650055735
775.9578292513379,1,18,4.9609305063128435,140521.98211173082
796.2681128117224,2,10,4.41462928769127,164367.3087958202
1140.777889373782,3,12,10.498028782607204,258174.92367631805
1393.2764241440764,4,45,1.7012220726096867,283623.15040476294
2237.678108474776,1,0,12.664166503984003,392236.26441464276
1928.8298116010096,2,39,15.244849712955851,279288.8585056836
1420.0307350182864,5,43,7.665984406537354,270629.9534401742
1490.4918960486557,1,18,6.659646739511148,250306.02362541147
998.7353176810956,3,11,15.027676129872798,240312.98018148524
1490.743432003805,4,7,4.2723089100054,326985.7911123043
1355.6706805399308,2,7,3.183136876394208,311967.4620187735
1661.3592801690447,1,44,13.538182118542437,272147.82301170967
1086.3845282238385,5,11,10.045190932561537,287526.2210586024
1759.6732571205862,1,47,15.32438369645119,263096.6983626807
1445.6199257715712,3,44,2.996630044407185,280044.08335056336
1700.8558610494706,4,25,10.071660299220783,332660.2246094154
1845.0719958555562,3,38,12.088368492418933,319580.30572935235
1299.389764057082,2,27,14.234985438447293,208039.29059981604
1612.0462409052084,1,4,10.874088844043888,241857.90266188982
1506.2962003908974,5,7,10.823275776792844,369379.29069068993
1548.8380492744159,5,24,8.052992284849008,345364.89155717037
1113.4951080722667,1,26,17.95452452452259,175239.44427423057
1512.2550871294713,1,45,4.4848827226475105,250837.48008128325
1748.9991456227249,2,22,11.795100762779695,290191.72122197633
2225.571803897521,3,29,5.060955827059901,384692.6146628197
1979.6354130426034,5,44,12.673892729025049,371923.8326247774
2576.5912287557785,2,46,4.814912153061169,448220.8296425207
1116.3262185559752,3,22,13.719078492502291,204635.95522852917
1936.160318360339,2,48,10.560524734122586,258761.69114964237
1591.671002869176,5,46,18.72319586629341,294876.2368614145
2594.901466608836,1,19,8.594901763642072,445899.41478874494
1095.8508573224242,1,17,12.124830581237726,158477.08694880112
1080.139078909612,3,17,6.101718597696451,219211.75256459144
1200.303677277989,4,1,8.560534967793528,297195.4164676746
438.05213784509647,3,3,10.528747397221764,203048.46659182763
1237.1224891596194,4,29,2.3639003876431293,254676.33922813274
1120.433669223151,2,32,2.9118803290761397,192302.60789596118
1575.1968932381037,2,35,12.999296499178225,272054.9083641429
1670.8779878885798,5,17,9.269565892341602,389186.0551984778
2438.085419607943,4,36,7.03536733475989,433160.1040251575
1975.2119190930252,5,18,6.315069097916222,383223.76654567797
1211.5481721687984,1,46,6.507556021381531,201392.09820028362
1050.792664325821,4,27,10.562753575041143,251790.2204448503
1745.959585753253,3,39,12.22517932058095,344016.68175259104
2415.7293829271766,1,48,17.06417028384946,366792.3883988252
2089.7200603606434,3,32,16.708503814709964,352798.0985473185
643.4327354545612,4,14,15.429633481613987,173692.80314318681
2176.9361870827065,5,40,15.276094256655213,393749.7971208601
1442.730077373691,1,38,10.002227470937726,264595.35503455036
2118.908155986731,4,1,3.5141568905756184,410323.16403895017
702.7861706028165,2,28,15.076140458325362,100317.47698321345
1200.3124885231136,4,40,8.793844668513243,254850.32243341027
1502.6218498590915,5,9,12.744394219094781,340869.7585751603
1523.490296882371,4,1,21.096006359808893,310773.77218172455
1274.9672642603782,3,10,11.259183753118094,288605.31727525353
1811.4249661737495,5,12,5.415576541407191,380718.46819747664
966.1897853087028,2,9,8.321345025401392,210569.12025799614
1428.8102574893533,3,13,6.0527731987950615,292013.8731730491
1560.1478158559494,4,17,12.167448587242612,304862.9052017722
1757.2194170293744,5,8,5.969662206250977,392406.78646269056
1855.807439044445,2,38,7.635742888251784,332151.54614606523
937.6789540810654,3,27,3.5778481279620014,258907.50926484584
732.9429146321888,2,2,9.339564972404283,190850.68690799913
2138.8384109492545,4,19,10.883773966510248,359841.51368133863
1125.756731721723,1,26,11.297867807401104,191263.8299615129
2275.5759877612613,3,1,9.771498844516103,449517.58066675597
1557.8373171464293,2,28,6.175040256219363,287021.72310932045
2089.6485920319133,4,37,20.143144621349364,391222.77790812973
1533.7592407050545,4,2,14.792382638023774,336312.53314201604
2530.3739624409936,2,15,4.517987569242993,476696.0806176208
2377.6704212216023,4,29,14.191184397855702,420493.27598656307
1375.5179257604632,5,39,16.222490380105288,287769.57744979276
1985.7854754771777,5,1,10.660104613087785,442080.44280319905
1822.6879747925736,5,16,11.807210184736627,372344.894443544
2184.3157787661744,1,40,11.691733334607955,318463.6441040887
1843.0257299992197,1,34,9.065652015748004,279338.24312660855
2029.212243424794,4,42,8.805435790079857,385222.203351066
620.6302567884428,1,0,17.150778182799392,92096.82155997651
908.3707436671125,4,44,11.668639317809365,167798.93238808998
480.38391111994974,4,14,8.511945189416526,208288.62613630467
1365.2965827777211,3,25,9.549376295044944,256193.80040708478
1858.7711278979812,5,36,15.116927908137006,366582.1103918581
2251.178526048014,4,20,9.077076683773422,399739.69718167273
1537.0473902098877,3,48,6.509022334541955,281421.5492181848
2314.307772785646,5,30,8.621489035395669,435523.0544934275
809.9492708925543,4,24,14.703480719113411,166823.639232448
648.3087803224226,4,22,12.480824527989682,207023.0767436783
1472.2261505516906,1,23,10.22133986674557,271042.55739047984
1692.0327244696537,1,37,10.95769649722415,262742.4198617194
1483.6526259529535,5,27,7.20128763202259,351133.69928245613
466.2789499800617,4,20,9.030252997786732,199947.190255979
1455.4399802436058,2,42,6.683478391127414,268030.55891744787
847.7652497475734,1,17,8.526103578501282,172706.17509533273
1834.8362744150193,5,35,16.730891318133125,360742.65245565283
1683.299123048424,4,34,4.610640943114051,352263.5338682202
1030.0601068363223,4,44,6.556411667885425,220117.80481988477
1243.0665413316533,2,8,3.728505685321241,255470.25244587657
970.3932390555242,5,37,2.6454562140620084,262285.9009344549
1468.660451363414,4,29,9.066140429023543,293689.48944327445
1977.5711602506192,1,43,6.911954090996067,302495.77239973075
1007.1369768322281,2,33,18.80844465396096,170457.39050961175
1752.0232577589222,5,31,8.585767269111033,387644.1051374777
1234.8711908137795,2,2,16.44698431715012,217683.43491657378
1103.563583868828,1,2,14.840032374703167,219038.04288502308
1446.4848200227211,5,27,8.955229223879929,337898.19281171774
982.378838790313,2,43,20.550677910428114,168971.7101836269
1223.1753473264089,3,14,11.342669932324043,240656.03463012344
901.0610537055758,1,40,17.565046330019946,96175.43308557774
2482.3625664581946,1,22,16.98298445790632,397582.425501145
1517.6317759858644,1,39,12.073239925523914,238249.0622351111
1150.1372460037073,3,10,13.755654239029253,265096.81111776026
1606.989955367111,3,47,13.12035707559738,263797.042593681
1443.8359751545852,4,31,4.278692843041459,322220.3781122321
1389.5152002333884,2,35,10.286451772265082,263942.6187348663
1807.0833500217127,4,32,15.371236169723302,336413.8357428233
1878.7538550236525,2,23,17.63093158680831,321889.8051452276
1234.7494261947363,3,38,6.396801640840251,252058.13979801186
1212.09087967766,3,33,12.644156509065098,217095.92835292578
1362.474151424178,4,27,10.754351066387672,296484.35262654355
349.0394176322077,5,36,9.410629677092022,179984.62010866738
742.4044689007238,4,6,11.780013146125132,212244.72273371107
2183.4371337222624,2,3,11.089987053330686,363117.0971786448
2322.4838567506417,4,36,12.70703784436294,403213.9722055902
1375.4819802218108,1,0,17.208583804750262,206316.54044673857
1788.2784815278833,2,0,13.920637954323503,356205.7189014568
1655.625077271768,2,46,11.552956294363513,284519.95492860005
3039.440404227619,5,19,19.323125284115395,538242.4246325558
2059.787455717288,3,18,15.54964797940168,341507.62395941105
1436.0412042596167,2,28,9.538007806983257,241664.2658601262
1022.2297796997871,3,9,3.914397988235474,233740.13166455415
696.7768398712137,4,17,5.060846595397672,209582.98477028788
1601.7318179336116,1,27,14.66616224157817,255442.635070853
1121.8246273578484,5,34,6.848437603735094,297405.4584036811
788.873145201163,3,42,4.95972261444026,162556.42939733306
1176.7135578787368,2,46,6.209573366564003,177924.1298616039
959.2259981928025,3,30,6.5630784395465,187618.17334698152
2343.5708175362824,2,26,14.253238338911256,386568.6488636898
1940.8198784747253,3,10,9.21628962108862,358116.8411901157
1496.0136793416914,2,48,3.1381269985029716,254285.62699398724
2239.972069445013,4,48,10.155224488811783,388604.68983273953
1538.684153823809,2,37,11.111330662241208,281384.7308231926
1069.3578993358683,2,4,7.603315692795742,219457.7397729423
2261.5620386348287,1,7,15.7794254209635,363128.6134143411
1769.4550218423294,2,33,7.895305571538577,320973.31375644775
981.3769228367718,1,47,15.541688433185751,127823.52333850275
1404.830660958196,5,11,12.983913898374881,332221.01883612
1062.1908733076214,1,37,14.633027540222034,169692.28115613433
808.600134517832,4,0,4.507245795968026,245110.84576496034
1963.0887737658206,1,30,10.491550961190512,290792.28648836224
2454.708320235065,5,3,9.735859977126156,520330.0125714462
800.7162130904294,4,48,2.8899673754623345,240741.17314430204
1781.4846183452855,3,44,15.525303649014546,302348.6482191116
1174.6787154390865,3,49,5.912995515463251,204448.71881752898
1256.437308117652,1,4,6.952160855820086,241143.3286725081
1203.8030378805654,1,29,4.933420822011371,231500.81684978207
1068.004615160092,5,23,13.505931630351867,247885.07549899787
1524.2608139724134,5,2,2.370351406137021,369320.4356012242
1084.524941794481,2,10,13.08937400232284,223313.0759927693
1635.2284128899194,5,44,15.222569931217304,344900.0791151718
1474.8809452754315,2,3,12.685892138128803,298368.8321768446
1380.5259765667952,4,25,13.563142419232145,301289.9710372002
1046.218168979201,1,26,13.797732347890214,164811.88951757122
1211.6143347158336,4,45,5.2528783663711796,264274.77257811115
1877.695612912878,5,42,17.17367489832172,340867.7255977857
1750.4585938121904,4,26,7.6996187293325065,368080.0736108678
1011.2223776007245,4,41,9.66806191205014,244371.6256317207
1549.666152714613,4,49,8.336813408245204,307843.56746615394
1875.6935616858946,5,5,12.457710604386547,394090.40130821476
665.2973594393142,4,14,7.3098137843128885,197100.4337864394
1771.6800961899676,2,29,10.334578621186843,342213.18139936164
1168.6881205270765,5,41,3.8232809142699757,269642.4473580516
1785.2993342965797,4,36,15.823326042507858,351148.1314084826
1118.3704217287416,5,36,13.353704729751017,261825.98576417967
597.5589496677405,3,41,8.538701190491153,134873.71109998194
686.2287810584187,2,36,7.654254849870949,114732.8269096324
1524.0424733306909,4,34,13.223141231588484,302392.0961481968
1629.861250860741,3,22,6.463533096820191,321374.13876759313
1047.8416874477957,3,5,10.626826578825845,277053.29338870436
1819.296229388687,5,3,15.80699393715703,371076.592625539
669.23996886552,3,17,5.943714404314038,227393.93835215562
1466.9601006763417,2,8,11.843004145601014,285934.2174001811
894.4919001187717,2,48,11.57862633467746,160573.116772904
1174.0819460989205,1,28,9.513315906686586,187224.2174128203
1523.699335658207,2,12,7.481052079480317,297886.92234085983
1069.7933173580238,3,46,16.073985284471924,201782.045599424
1307.7222278850872,2,16,7.012156821165169,274880.5663768503
2003.1464046072203,5,44,0.9398054943518996,385025.9055505404
1211.5540652384257,1,31,13.20266795815517,222463.39098521427
1917.846056032571,3,47,3.9934832511608302,349918.25237800356
935.1465726711909,1,21,13.459405724275436,174517.752358274
1764.9020889576414,3,3,16.67451623921722,333967.43563511653
2220.78431032895,5,4,13.148749391993372,434257.29499977484
264.17774993635544,1,36,15.357056509437456,44367.04201964415
1101.5523722647617,4,40,20.100245534648238,218778.27576688217
1788.53606359027,3,48,14.833802313044734,272904.23955016123
1398.4773069785037,4,12,11.65286696312718,320331.5702238237
1685.5729366856544,1,33,18.169740917618242,273426.95134554326
1198.0074066420898,4,44,18.773877724232925,213560.06307142513
1543.29489373645,4,21,18.8438589162971,282354.80922243145
1422.1613823039602,1,22,7.539282424019987,240186.41496006807
2083.8910308299037,5,2,3.2299082075079797,454601.74014919554
1627.2104216506066,4,41,7.234039082825566,313330.0648836332
1668.8013310376011,4,33,13.518208078965875,319065.42684229277
1294.0615169387663,5,31,10.795794726660528,295947.1920410122
1256.1968879637532,4,44,8.967595074115765,229128.9642718189
1283.7209060901896,4,48,12.802406994024677,223887.40937941382
1697.2260711891483,4,20,2.6459745916336637,304846.4066766421
1289.5077595898686,2,45,10.705846493457706,235865.37552063435
1644.8874284482065,5,43,15.592288224239384,322853.07823110116
2537.7003993227195,4,20,12.746578222791143,486118.9260821288
1935.562351715846,5,43,13.459049109168642,347661.4946228118
1336.9882339160795,3,10,17.986863949762572,265062.65397855005
2100.6069610819723,3,38,9.669283575631665,372049.0071333645
1295.9623134892242,4,3,6.734541693248318,296689.6137402867
480.93773241107306,5,0,15.94757521332521,159176.95346567468
995.956844541298,5,27,15.855603155169636,275599.74709355854
564.6040394870722,5,23,12.791458373778983,214093.3560009039
1324.2432579793456,2,34,9.19814499708776,228601.55326821902
1509.2091895947758,3,12,10.006898255039925,314572.1348325287
2338.218656137641,5,46,3.616135239344567,437804.7144148192
1663.4636868820812,5,33,15.564732651036014,315482.0156697452
1390.449735595568,2,10,15.388256547645717,294336.177343184
1914.7027905917446,2,35,3.4415862476660806,302214.8684653135
394.43234549605745,5,16,14.33816041953068,158778.45704592497
1617.807279054283,1,34,12.020508275045042,256316.55185289707
1885.4325969434835,5,17,4.890129448046019,439059.36221917626
760.7068771100792,5,39,3.9699989946376526,235097.80666195694
2071.8770216034645,2,21,11.867466347008612,322601.62505515607
1669.248203747207,2,23,8.01147943046541,301309.26688046666
1292.3560430495993,5,18,19.09974425274835,288075.1219192304
1816.3909330531424,5,36,14.762991973244532,352365.88930549345
2635.3464289021977,5,38,12.368465683661137,494961.2151186133
1590.9331275292475,2,20,12.615395020011972,255227.04053424366
1624.110293150168,5,7,16.654335901835836,345135.1539181201
1270.319550229878,5,27,14.23259045863669,294659.1265814698
1075.0778152676041,4,4,12.498832192480112,275855.5216083933
1915.1679082721228,1,16,5.09869411851245,334066.18747397745
1071.9580870455663,3,36,25.309734827031093,178406.39939676676
1535.7831186096962,1,35,4.484086213458834,254000.46989200727
1261.1712766174417,4,18,8.437286314499177,299109.2613111626
1739.4899128731959,3,26,1.7263586179500123,342148.78537758865
1666.831052643474,5,33,12.69399079384631,320799.7254000179
2018.7699721289496,4,10,10.755552186424037,376634.4397675963
1244.9918005726265,5,44,13.8263821918238,235303.2572735242
1365.0625323533143,2,46,1.3046718444778307,275261.6525338286
1010.6181421088463,4,11,15.564528336904658,255612.90135476654
1277.8533699619443,2,20,5.962822992651927,247622.60184537686
1688.6502465224262,4,10,9.254974003180672,345711.73926872096
1878.4943083226758,4,38,14.657856343405323,332979.83340224356
1038.9173379111874,2,27,11.306333420659497,218089.6759970033
1934.80296005283,3,4,11.659712783334319,410989.6886047507
2177.8189294024755,1,16,13.995894099526996,340573.1927327665
1706.7174516118505,5,19,12.143953199693621,385488.02175550454
2438.397906279033,4,40,8.294460487256414,439731.02327451995
1113.1054004482135,5,45,9.167654358823855,249381.92275137495
877.6726483442915,2,11,11.059393393259114,218616.39612172396
610.6398755478607,5,5,5.522219532268326,225348.22785278692
2248.0221557445916,2,16,14.980043296943348,387170.52555289475
1827.1828281770288,5,18,11.44326965403742,388156.3635767084
1472.2076645447726,1,25,10.373881339609843,212571.39966930717
1639.98431315991,1,47,15.962482795157355,242840.90435799304
937.2554763508117,1,43,9.399431783943152,137535.6173959308
2722.875989808413,1,43,9.087895014237915,388832.5456398737
1564.6105909876137,1,31,7.576856179980178,248195.13467920644
1554.6973973024465,1,5,11.715335044629676,264266.16211336874
1862.883311949346,2,35,11.542250541657573,331945.6464916934
1740.5046158683567,4,37,6.668578997450466,319462.7420633119
1611.9420121395656,5,10,9.111530114432998,347771.2928110838
1104.762772277344,1,32,6.7019886574038345,195018.2037377542
1735.7341785679978,2,23,6.475657730922547,287892.9358962696
2441.012248237517,2,22,1.3505108413657645,418270.68038824934
2172.7100230774886,2,14,8.845448731592223,350926.0712917744
2296.5933133196986,4,26,1.4889336695999429,463911.35885886283
1244.3921617844073,5,10,7.685921568302445,305259.71872225247
1005.1975898707096,4,49,6.936526770611957,217588.22803933767
1437.1065399501758,3,16,15.259475286328021,297367.23681569216
1527.8624561443473,2,13,4.925325968451792,281883.3388116708
2047.0957592354744,3,26,6.194068075927622,372436.4875605058
653.7676851425903,1,17,8.092379304042138,113753.83417718942
2264.7751597303068,1,27,7.09928174248612,347347.6360546575
1420.9960507105052,4,46,16.84627398710938,245045.20175223943
1286.55946502629,5,46,4.307163134751902,278519.78566776635
993.9478123699163,3,3,8.10297750507079,232190.30616188457
672.5716640671153,5,6,11.660326245822032,227337.74013639084
1911.5852919809572,4,44,14.405916715210033,326101.6214058855
1536.658983594202,1,34,8.098792220348983,256693.91661678185
855.019550129473,5,47,0.409501997481037,240133.95435492345
852.460613968192,5,8,9.249478892072476,242013.6906544385
1332.107650354936,1,7,16.760142380903574,213201.37134306564
2334.5107626446966,3,44,11.410937037152134,395056.32096200006
1370.2043243181977,1,16,11.182089311799663,233108.12076392144
748.428523440947,5,16,4.684910042115017,241301.4950173829
1377.1284679570279,3,48,4.171642048556676,291623.31482164015
1363.6382151261648,3,32,10.090208243170496,263738.056751138
151.5566785292142,1,31,2.8681053885929604,43212.67977659357
1472.8525667410938,5,7,13.906811111812551,318296.4705486978
1384.532734895661,4,18,5.766768755668189,291102.3400965811
1848.103182406709,5,37,9.876713596342531,341206.72402609885
2424.4780474726726,2,2,0.5711654062287899,469184.24847535486
2063.2825147738786,4,4,8.030990657782466,374764.81951340154
1365.5556547225847,3,12,4.0706972643489845,304454.0500340759
2786.67990162493,3,45,12.709210446681587,447335.460057894
1529.609217007244,3,30,18.205797695457868,255070.03432928308
1506.964645956473,4,15,15.647367946719731,338667.2541928721
1487.9374564449984,3,49,13.408453449519024,257700.02360142727
1599.0423803839274,3,31,7.929394160272271,318805.1392379016
1427.8197940380287,2,21,14.02945114273913,281124.6039921462
1213.1689965598819,5,28,16.11926599286864,275004.9269786931
1226.570529379804,5,21,10.684109148356466,267704.8856931534
1483.6233648920008,2,42,4.078199138439887,257974.25145460488
1228.2876144331176,4,2,7.503078507043145,282392.0248795573
1143.5771086614177,1,9,18.513482441739683,185439.5181779873
1553.2151138459485,1,41,9.626279159249169,240837.2329054082
2251.9964942913443,2,15,2.655382681649032,415730.8920008093
174.51509580349398,2,11,7.877756484287593,100567.83727755863
2045.7534259612307,3,1,15.179126192087843,382821.8579846798
2123.0425962488143,1,40,8.63438823796544,339256.99132354965
463.3048837959252,4,23,15.272158274866301,134964.21892094734
1328.6562029598256,4,34,7.3691882322625535,306855.6504913788
1314.2795670021042,1,29,0.17853738882193504,226474.63450831885
796.2441526410894,1,29,7.542194207009577,169295.9641745928
1111.0916562045622,1,46,11.724725007731426,137692.95657978705
944.7120772670856,2,34,11.309751746706567,167479.1629484328
2376.1352217118115,2,18,3.7244612537168216,414351.797277066
1967.8391965737305,2,49,8.244018990981173,325267.67739906674
2135.7775474970795,5,7,23.423371190320367,433756.2258082977
1860.8360320216175,4,25,3.833655868515616,351470.1890050209
935.4741143913853,4,48,13.303616972318745,173554.22237321216
1744.687280613959,2,6,14.318959122848309,343468.8577903656
888.9360955540274,5,29,5.538373049057767,249215.767090931
1856.499215086194,5,6,12.0104412910147,376766.5755117573
1379.8373009209324,4,2,3.5423719911589933,319028.95367670053
1312.5895962252011,2,0,11.454264000883535,287615.139345243
1855.4799841017457,3,35,5.45674852129281,336846.11596645147
1722.1316557430198,2,24,6.424759085166873,304726.46743529575
1319.51691709046,1,36,12.209930031975153,191881.74336315755
2079.664901682124,2,0,7.848072618014919,365753.7437399135
959.4683362000513,1,14,11.901907241081556,199782.91215670772
1807.967803472132,1,36,9.045793406783247,320581.61548209446
1796.550628984192,3,12,10.337468406236376,327103.76947940903
1345.226780343005,4,39,12.225432356767008,296431.9989222791
1663.066511121059,2,7,8.249907727044295,306212.3728882681
874.4432118073486,1,4,5.01975106999113,197799.93953849777
1962.0135096034505,2,8,7.338438670351049,389829.42519610364
1407.5489317785054,4,0,15.97569589916718,306279.41605436883
1238.6384897404803,4,35,10.580865420382748,253075.20421495935
2024.5046129184448,5,34,5.775507732947632,424146.2957476352
1147.8281547286203,4,1,12.007803041938594,254959.5603846909
795.7693518182201,3,39,12.341577924695692,188623.47448015024
721.6854132380481,1,22,12.599995378989053,133909.00907658075
1803.00497567282,5,8,5.110813998143572,390674.1081915523
859.7853237518584,3,33,6.588045028570525,180708.3564393206
2377.3970909921823,2,45,6.615853918064942,360708.6055761301
459.035296058139,1,13,8.196760439669042,98738.33019690297
2348.228184145019,4,3,12.694595925718673,448564.28053042747
1605.5087336013091,1,29,11.480924023655067,237638.59135865665
1451.6434440648038,2,30,11.876084785785812,253085.04751556882
1227.540456595525,5,37,16.770095711857614,273049.21875612345
1699.5680571760354,5,10,13.44445466245815,363776.85653150064
1481.1826487875758,5,34,9.290991875019563,332849.9300984826
2051.650941008261,4,7,4.080574119737502,406443.6932521774
1557.1138243310197,3,2,6.427264957645649,348780.19901876047
1575.1508807309388,3,13,8.691474661608865,318325.9769019202
1318.193893893072,1,12,14.145649136680568,258342.92920569453
1471.5271881394663,4,44,9.863340329469533,335286.7438067555
1653.9008844460295,5,31,6.719020225557784,344242.2203697232
644.9158036716872,5,33,6.33553557136387,192485.02186999618
825.9072889471435,2,44,9.652108955393869,145657.03299230943
1871.6320470113574,2,18,14.4499378110855,335758.97643304296
1585.432719063971,5,37,17.955096528875586,341424.1142113463
1408.0083318236605,5,15,8.971157009851662,315202.76607044967
1509.2169665326967,4,1,9.776284096187009,343454.862117092
1673.7908526808355,3,39,3.930291469213085,311489.4991665838
1230.1201598453192,2,16,19.69596284549733,231488.280336615
1110.8476372988437,3,33,2.99498580921958,267826.32784454117
1597.9226275488409,4,41,15.858311558902752,292165.2062658603
1010.8136111924839,5,15,8.173320234937647,236878.0478755227
1704.1263778572359,3,37,7.003167530798405,329490.6551545944
648.7081978810799,5,1,4.449982140570366,220752.1610289122
2014.5778186628218,5,1,22.050243247035667,404223.8715660764
1736.2987412065215,1,25,11.107458116391971,298970.5116856265
1628.0148671569377,3,12,10.106402185520317,327937.3227731222
1991.345491972757,3,46,14.433661797772713,331800.0996893072
2332.7372222312883,5,30,6.745836371850184,444901.2763418265
2007.1850325090652,4,33,10.00922977615503,320061.41971854976
579.5628843341774,1,38,10.281681434060605,112337.48609712943
860.2115166321493,5,2,7.439271338259334,257094.15083378844
1187.5907111521606,2,7,15.99819039592957,259408.9514480795
1513.0455251054168,2,22,8.90672794252048,285103.933480009
1758.8295102345614,1,13,2.2343397331558528,305533.23961817566
1137.1280934232673,4,26,8.492513182395632,278921.5894162197
1593.383382238539,5,28,11.245893358569486,361538.30873780575
1122.3085338233386,3,38,5.532533830561958,224900.57612532735
1194.241098504026,1,38,5.927026034147805,223155.01001877288
796.6694515758888,4,0,7.2687048093697975,223856.84700992279
1038.3833769445478,3,16,16.106178300334804,220738.10532917062
824.1576971918332,2,40,7.5642098867714695,169923.40255960767
1012.0633735113336,2,29,17.145585092755155,194213.9675214735
2026.8208983039199,3,12,6.925247809258321,400603.0760993892
1025.3005555840284,1,20,11.62507068128271,173891.7983637754
2816.1910324186956,2,18,7.768786628901244,500765.0344188307
1746.6589504404446,5,18,13.770415851452361,363969.4644010336
1592.418061847437,3,24,4.408629227173604,304664.90357726446
1070.8211099093933,3,21,13.714297397886158,211107.8123443701
1850.1549397044957,2,30,10.569347001548419,355184.3147821042
1212.181086881113,1,16,6.800040916112755,207387.41263810254
1561.0049073226808,5,22,9.168892576449247,369645.65548071254
2780.0422691343974,1,31,17.669274705160873,397958.45704363444
1451.9700501376751,4,9,10.689222524403917,327175.17137332715
2074.6366631428377,4,9,6.486359920436806,425164.44866036874
1148.4117874370563,2,35,3.9765335858594364,251733.23853836412
1482.5057547515191,2,7,12.527021367154987,267233.78257504763
2385.400317817755,2,19,10.979226235053428,388238.3108433487
1186.5164711061163,4,31,13.475103475441117,247697.05614809558
2406.2242789984643,1,49,2.6888763015507884,409851.92583147704
1853.8759677277376,1,13,4.1386977355425,309120.83008920035
1218.766612052866,2,49,15.734395996259497,140577.86717132694
1816.2038695277604,5,27,11.656708233896703,373312.5207088363
1986.277224813365,1,45,12.66700425618781,316598.03356884926
1810.9049811085983,4,23,5.1865648394602335,347986.49883457203
714.8876400547717,3,14,5.095064008355407,210001.66145857022
1136.4314120875656,3,21,14.956293290960442,208833.90553096484
1376.2406822242476,3,29,15.191888273825745,254121.15507215203
1462.7832854499768,5,3,4.558402564854731,372354.3339935082
1810.336048775339,2,12,3.6031475207357744,318594.8042400605
1588.850500466627,4,22,9.457035146437779,331043.7714072696
832.3278206449494,5,7,6.003257733119969,280142.12785634724
1690.0989255029817,4,17,5.8991156047698725,364195.28960013454
1805.2928726419116,4,11,3.7431087678630366,367895.1922087453
1779.89522396552,2,30,7.657830758598166,342042.98913196754
2040.3903627773109,3,13,4.22652628683567,407773.35208137514
1916.961077274452,2,33,4.5229954849538165,298289.21062277403
1729.5900396142183,5,17,11.491959232831523,386739.4597711543
1464.9171442706765,5,33,9.724008828563118,305862.06893512973
669.5195332420043,5,10,12.42439340766066,219510.41412382864
1714.809109566293,2,40,1.7548328232534676,323871.78087430226
1603.8438435815556,4,11,10.049403049148816,328485.678745639
1635.7894185976868,4,48,20.378187710829188,253700.18508715837
861.6257120898453,1,14,8.138637578572004,199077.48549444933
959.4717297958688,5,30,14.123745032861489,258964.93882769629
2026.5764266664519,4,48,14.080034243872117,356081.2752485646
1480.2224230716724,1,28,14.325993040006377,252449.80641058047
1840.7503486863122,4,25,10.833308435286614,352058.2007910999
1514.1591880652306,5,17,12.830429913721071,336402.42191755946
1514.8780697478726,3,31,13.495068100065026,276355.81540931604
1969.141902987999,5,21,13.177230141571789,391437.9434579102
1241.9776358913132,2,37,4.412909132433019,237656.87872054605
1548.0603884704917,4,16,1.4630775872800665,319119.32662310184
1268.8623556474788,4,22,2.2320822829259646,288833.57216595835
1282.7518862838422,2,23,8.649200038086681,248403.97231607107
1345.4139382656804,2,49,12.969633672113222,253634.83755485833
1611.0668858168565,3,7,4.477943612442077,312353.4613413904
1260.6256891682613,4,40,14.619852292922019,260265.2099440437
2127.8780627867604,4,5,7.488624127460569,441807.43669165013
1052.696348890248,3,4,7.536223944029606,211297.6298318232
1406.5641779193204,1,43,5.819465020601998,234556.3369348791
1280.1344708629126,3,28,0.5760682049186308,290473.7357992752
2223.4889421768667,5,27,11.146570642173234,446003.2536298322
1598.2773882557874,4,10,18.563338564192847,320936.3860125289
2015.9222697343175,2,0,9.686677382337184,379679.78642592183
757.219813481514,5,42,0.7468417915257373,223486.18238415627
1633.5251329346295,4,18,13.90171405808223,295436.1950577261
1944.8153978117184,3,8,1.8760100494850533,393836.69606787694
1541.141994637712,5,26,3.9548280150540727,339920.2350459152
2032.7401875326755,4,33,8.808309138432145,370197.96643307735
1241.3557749498138,1,43,10.61421719270099,241674.3309288032
2204.67372009279,1,3,4.956679994165858,412840.0124179779
2649.449061809625,2,35,8.613419717170098,412187.07863081584
1318.5807197801705,4,17,13.575812003803422,290568.20789073553
1277.248739299614,1,14,14.260894424040092,248226.02755814843
2226.6922385588505,3,12,16.257282109071323,369565.2884841649
2289.7860728653563,4,18,19.547093261467467,417913.3872350116
1238.569986423366,3,48,14.049446608305583,222168.05926128355
1289.9065914520713,3,5,8.916317427978798,255163.49621187267
1359.1076955697463,1,47,14.296568955614863,205864.02251647678
827.7747444828615,4,11,12.33358117002591,240823.97714273992
1040.674026757901,5,36,12.531834887631273,275198.3860668057
997.929616623966,1,16,10.886093925358427,176929.97261035914
1116.1012174479358,1,22,5.4397294892304675,254568.6243414317
1482.6575563066094,4,25,4.859517960890349,276520.26245627564
1617.1073662682604,4,28,9.514408994624286,332661.62114727974
2275.2502464070385,3,32,10.74455037923186,369552.54980399495
1000.8229796306046,4,26,6.602795385341436,242721.50892384577
1992.1611992382918,3,24,12.116709743042877,350152.6253975574
1393.0055778872456,1,9,20.40382952019595,239280.72677050612
1475.2681451737835,2,46,1.2783464036087118,260195.9146868062
1837.4097460833018,5,22,12.911222387818803,361269.33357632736
938.6389892188507,1,20,9.670126895545948,156249.77564045612
1691.2048730920253,4,20,12.253277776673274,377823.36535944836
1583.226104106528,5,42,7.846426497698544,338661.5373898304
1746.2256320040747,2,12,9.269700574764165,287351.8695203151
1644.584321953909,2,36,10.647502255040495,290408.39848534064
2727.650069955447,3,32,8.491830582323697,466270.31608150975
1181.130007874342,5,23,2.397293413150506,299466.9360967931
1234.5015224990912,3,43,8.830424846777735,250912.14176094416
1188.429736787618,1,10,2.9178318590190297,256093.34027436154
1222.2614404198725,5,16,13.265965552901548,273631.030398764
1181.306436346741,1,3,0.6722744946093879,242256.5833796847
2094.508265553776,3,46,15.14327189727945,336967.47598373605
2210.2521239949274,5,24,12.147815001017397,445179.4322186896
1214.6268531252617,3,29,12.166943078669473,234214.05193672687
1735.707778193202,3,20,8.35700280954222,328236.6258896926
1223.8884778595143,2,19,15.7678171432993,220925.2470809419
1816.4659088777553,3,18,7.406960104848527,383748.98624052893
1601.4615104256497,2,18,4.609689250181429,350815.1713588391
742.127942501384,3,11,6.816649524971439,204227.73420011427
2273.752600665031,5,36,9.65861188680331,433746.27072980994
2397.9388365477607,5,41,5.743147748435945,425291.79476749856
1193.6056547578069,5,16,16.16908616044647,265494.31189655064
1306.1492200320079,4,36,9.676662350048037,268034.33758898696
1642.9326953624525,1,47,7.222153260260359,240694.3333710986
1667.2283949935124,5,38,3.493282365822104,342899.6792599442
1829.2721363364153,2,27,12.42223302639469,344054.14387879625
2505.1022693831746,5,40,12.308331473556816,461724.4937351322
1411.5263862529753,4,34,6.038955469076541,298015.28682783194
810.3403859927364,4,47,12.053810947879422,203994.33049854334
1134.5349800290405,2,17,9.065983043694988,220796.70835719476
1483.4365135631015,3,13,11.680355839628344,285737.4920521914
2397.278931758894,1,34,19.78587266819819,324405.07808124885
1241.1943504819142,1,43,9.865840781454702,192225.4327343504
1611.8939758194492,4,40,7.430806915786141,305881.3225057971
1491.788551963624,1,6,4.263390161758299,312933.097391365
2094.196636724042,4,40,8.437891042524754,424131.6872635958
2763.4662129368107,4,12,10.802886748078206,486208.54854903964
1234.5656135398397,4,17,10.266537102993802,255208.7030673684
1255.280278740889,1,36,18.617326700335514,179530.99570793335
2022.080438534536,4,12,12.495427827329713,380000.4522176355
1840.9457448131557,1,35,9.325995642463951,296838.2019507797
2423.3536628680167,4,30,6.467197105832636,444036.1854368259
1791.964092662982,5,1,11.333363818916602,400738.5330727193
1320.3539546064703,4,15,5.464959208086704,322445.04520773643
1795.3274153461546,2,8,10.899155397689531,308216.371299834
2054.3517902914537,4,8,12.437069634524216,425182.8537242176
1910.2410905986821,3,37,8.917738886142763,327127.6375311133
1753.6370155536488,4,10,6.848567779674291,412318.0737566743
2084.6477952228365,2,32,15.719183632101954,336997.1953014969
2191.0794955187635,1,35,12.016501951226408,320357.2515347609
1824.3549437948213,5,44,12.138086407923911,332279.74915988365
1416.4409598415727,4,22,2.193238321113501,333552.2373754995
1573.3568432166614,1,44,16.899193498700285,227597.08415448866
2103.2544832541785,5,44,7.673915666909599,424677.67886934674
1091.5321645063818,4,33,8.55602348650257,287702.3570888649
1684.3366544364505,3,8,4.653565722905873,329935.7079453333
1303.3305938363196,4,23,1.0652713433007595,275766.28151368466
1514.3724114674087,2,7,15.786731558617834,282433.60329352814
2139.2259313036493,2,6,16.432986846988122,394913.10823061713
1595.5495340099517,3,35,9.172359243233362,277178.5058193109
1523.2182740780745,1,17,6.603077150968248,268969.0815849595
820.0719295100404,5,2,8.114779154328708,282182.1043412684
1873.1267830136103,4,27,8.251925049822251,334807.6105825896
1822.7420905705376,2,5,4.000701389102009,355116.2700361586
2581.62736165273,1,43,8.538723922780799,386364.5945303722
1346.1108825234996,3,43,10.765509964671628,249868.74426860778
1609.5751638319696,2,20,15.090786238243759,295450.3879099817
1624.6918418553776,3,27,10.071220820068561,310977.50479593134
2288.7266398817374,4,39,2.1182414555028206,409868.0650290179
1452.352233806524,5,0,11.767739315993381,334292.43367432227
1639.5107628851697,2,35,8.720347191651234,312017.77965596225
1803.9482548582696,2,20,16.852048469919332,313466.79916738375
1593.3045615781791,4,42,17.14728901022004,309507.48876798374
1276.783192724736,1,34,17.3222715613365,197878.84198969824
1597.0449964491538,5,12,7.192060323133603,379354.95018594427
2036.815874929886,2,48,19.949275366687786,299700.90870736085
986.7423502944699,5,9,11.754712524478535,250151.6945598647
1566.484837073438,2,43,18.131902028343163,260982.87582129033
1149.9395925304134,5,46,7.486901930841201,284064.6152267908
2097.5233144624212,3,9,8.507016311951867,380328.83832952665
738.4065476081126,2,45,11.370136763360428,121501.81238602148
1220.5390763642058,5,12,10.759388048069699,296297.5567938733
1688.6059375322604,1,36,16.27405971734585,287139.2632948003
2282.7620146171703,3,37,8.839353407257729,408998.30448142526
1467.124869463506,3,23,15.823074951551781,248940.84391910455
1222.4002366534007,1,1,13.661172535663267,223178.03459489354
2440.578534720295,5,21,8.933038906964256,472303.12727910705
775.993049791878,4,16,13.273383087411567,180386.80017387995
400.5970216899591,1,35,7.633674765834757,77726.36538392978
1720.0072250266662,5,13,21.75102900002861,345698.2769618152
989.3835914346434,1,34,13.364716022475196,149530.4793226099
1854.1782236496767,2,24,1.1770204536147642,371200.563607198
1621.9003568855994,5,2,8.871716483909657,366267.5582430103
1217.9606846316358,4,46,9.57195955264377,248543.60471546318
859.8478006645528,2,37,17.53816779456842,145725.5402650115
1936.2286641400724,1,16,6.539238939615549,321255.484734433
1825.1005889793305,1,11,16.54005957830889,301275.0638376358
1450.4120681103086,1,23,4.105916798876016,257656.98854074953
2423.318498023833,5,28,16.73334861877433,453626.2080040106
964.9576168369238,5,42,7.628272790482636,220302.43410264488
737.2374145376306,2,24,10.367172596205595,151728.7768431806
1154.0459650593777,4,35,8.31810668444798,266677.1188970079
1477.206991822251,2,25,16.41181737057802,250161.08140458076
1621.669724661346,3,37,15.438699216168738,288608.69851888967
1379.381971071835,1,0,12.217508602922624,255813.01846945714
1676.0276982571484,1,19,4.240658077066129,302270.7411991183
874.2302879047779,1,27,6.424890659848787,172457.78016629536
2221.88230203663,2,15,4.857117372469373,395085.09836557135
2058.647915794064,1,16,16.30659050925023,305809.6997771116
1671.362673188852,2,39,8.360882368286516,305336.364496482
1728.376609576892,5,27,8.307530178538514,381046.44003887806
1784.883640116102,5,11,17.4805111671278,384758.8173699102
1723.8542800086575,2,26,7.620056988068162,323562.0985824158
1821.361379933772,1,41,5.797645321570346,287377.7966744074
2164.5762650662155,2,46,8.876271897425077,338436.36760977114
1598.260584850735,2,29,4.3366547406155185,272457.6300504185
1854.501878794256,2,40,11.721778846439781,282944.7241945488
1455.1321528563867,3,33,8.131689608679148,303249.6174821063
2220.0586077247362,5,36,7.463642947030937,422218.60814956564
1161.8038489703652,4,5,7.030484139898489,306306.7904499755
2400.470216455408,4,6,9.468892530789944,461395.0307991183
1479.9210246778282,3,31,10.417405627599255,266628.5182816272
784.6124489409759,2,31,7.400124557962391,140004.32227421875
1564.0522074553946,3,24,8.206170319524267,292432.4033395056
1159.4741712625596,3,32,9.592385865903255,261101.12961570325
1920.321774494362,1,6,9.087909322302306,312188.24593395344
1173.6880103488045,5,11,10.155379834375069,337077.3783131635
1276.9082833926102,4,15,6.616645983759931,276490.8019919788
555.2296345272345,2,15,15.022964545632451,143237.51550084518
1273.8468403754616,4,42,10.484140887047586,255203.7183971243
288.06033668552163,4,35,7.480766235875613,116836.32638055329
708.0485882571384,5,12,11.721921086892674,195335.03052228267
1880.2073280721488,4,6,9.628157005906427,384806.9255439847
1892.900079325416,4,35,1.330868227581659,353107.555516329
1712.7287808924823,3,46,11.704763451108132,263868.24823630723
1016.5119284353934,5,8,4.902468988079064,287063.8248534999
1476.1443219290102,1,31,14.672138916156538,218368.9083203233
1498.1987304547158,2,10,8.791251805532765,320834.2762796415
920.8176554037286,4,7,13.90035148695532,253322.37963850514
2251.6991508835754,2,32,6.848907234011964,416005.7017912477
1938.6811452878358,1,22,10.349646335703198,304485.22103161097
1389.517913085168,2,24,16.05121750253438,245048.00676033215
1513.4429194972654,1,7,8.654917267925887,220293.184195117
1604.1914039737762,3,44,7.045914506320976,286900.83396968996
479.1325657878547,4,21,13.275203068908947,156289.44569085393
1376.4113087397016,1,3,13.178307983754802,250186.04189748105
1159.0078760011006,2,39,7.256254332925906,209491.3045234798
999.1899950525423,4,2,0.07269489791118922,279064.9608970923
1359.4498535570226,3,28,6.94988511250822,217752.85512526872
2398.843263424761,4,40,13.38679760843211,428177.33101848955
1820.421430633505,1,28,6.124829052881379,312482.3543278638
1214.4105051086017,3,33,9.945310814919022,266031.4621890292
1786.2913906780793,2,33,6.71257531016828,318893.3191669139
